1,Estefania,"Arocha Pasadas",ddfsddgfh,"Padre, 109",50871,Zaragoza,9999999,esteap@altecom.es
2,Queralt,"Viso Gilabert",95643716X,"Casa Cordellas",99999,Barcelona,625418753,agata@hotmail.com
3,Joan,"Ayala Ferreras",42852883L,"Doctor Fleming 11",88888,Bizkaia,674125894,ayala@gmail.com
4,Eliot,"Arnau Moreno",53086839X,"Pintor Sert, 12 1A",68492,Salamanca,613547951,besugo@hotmail.es
5,Maria,"Isabel Comas",94049553T,"Jaume Galobart 12",54781,Tarragona,684212359,comas@gmail.es
6,Jordi,"Raya Gavilan",25414813C,"Jacint Verdaguer 52 2A",54781,Girona,624874912,bond@terra.es
7,Luis,"Zambudio Figuls",01924859N,"Casa Nova",87421,Lleida,687423594,bondd@hotmail.es
8,Jornia,"Aguilar Rodriguez",14575716H,"Galileu 12",74258,Madrid,698745123,f5@wandoo.es
9,Ingrid,"Bidault Perez",38183662M,"Artes 1 2N",78521,Alicante,985471354,exporto@hotmail.com
10,Oliver,"Altamiras Armenteros",92515146S,"Sant Bener 12 4C",87632,Cantabria,68542147,ato@gmail.es
11,aaa,bbb,123,asd,12345,asdf,1234,afa
12,prueba,aaaa,14918285W,avenida...,14785,Aqui,321654497,asdsa@as.com
